MySportU,Config,Genre,Numero
069069001 - ENTPE (1) M,ENTPE (1),M,1
069069001 - ENTPE (2) M,ENTPE (2),M,2
069069006 - UDL - UTE LYON 2 VB M 5,LYON 2 (5),M,5
069069006 - UDL UTE LYON 2 IEP VB M 4,LYON 2 (IEP) (4),M,4
069069006 - UDL UTE LYON 2 VB M 6,LYON 2 (6),M,6
069069006 - UDL- UTE LYON 2 VB F (1),LYON 2 (1),F,1
069069006 - UDL- UTE LYON 2 VB F (2),LYON 2 (2),F,2
069069006 - UDL- UTE LYON 2 VB F (3),LYON 2 (3),F,3
069069006 - UDL- UTE LYON 2 VB F (5),LYON 2 (5),F,5
069069006 - UDL- UTE LYON 2 VB F (6),LYON 2 (6),F,6
069069006 - UDL- UTE LYON 2 VB M 1,LYON 2 (1),M,1
069069006 - UDL- UTE LYON 2 VB M 2,LYON 2 (2),M,2
069069006 - UDL- UTE LYON 2 VB M 3,LYON 2 (3),M,3
069069006 - UDL- UTE LYON 2-IEP VB F (4),LYON 2 (IEP) (4),F,4
069069006 - UDL-UTE LYON2 VB F (7),LYON 2 (7),F,7
069069007 - LYON3 (1) Volley Féminin,LYON 3 (1),F,1
069069007 - LYON3 (1) Volley Masculin,LYON 3 (1),M,1
069069007 - LYON3 (2) Volley Féminin,LYON 3 (2),F,2
069069007 - LYON3 (2) Volley masculin,LYON 3 (2),M,2
069069007 - LYON3 (3) Volley Féminin,LYON 3 (3),F,3
069069007 - LYON3 (3) Volley Masculin,LYON 3 (3),M,3
069069007 - LYON3 (5) Volley Masculin,LYON 3 (5),M,5
069069007 - LYON3 (6) Volley Masculin,LYON 3 (6),M,6
069069007 - LYON3(4) Volley Féminin,LYON 3 (4),F,4
069069007 - LYON3(4) Volley Masculin,LYON 3 (4),M,4
069069007 - LYON3(5) Volley Féminin,LYON 3 (5),F,5
069069007 - LYON3(6) Volley Féminin,LYON 3 (6),F,6
069069008 - EMSLB 1,ESA (1),F,1
069069008 - EMSLB 2,ESA (2),F,2
069069008 - ESA VOLLEY MASCULIN 1,ESA (1),M,1
069069009 - ISARA1,ISARA (1),M,1
069069009 - ISARA2,ISARA (2),M,2
069069012 - CATHO,CATHO (1),M,1
069069012 - CATHO (1),CATHO (1),F,1
069069012 - CATHO (2),CATHO (2),M,2
069069014 - CPE,CPE (1),F,1
069069014 - CPE VB M n°1,CPE (1),M,1
069069014 - CPE VB M n°2,CPE (2),M,2
069069015 - AS VOLLEY FEMININ,ECAM (1),F,
069069015 - AS VOLLEY MASCULIN,ECAM (1),M,
069069015 - AS VOLLEY MASCULIN 2,ECAM (2),M,2
069069016 - 069069016 CENTRALE LYON VOLLEY F2,ECL (2),F,2
069069016 - 069069016 Centrale Lyon VOLLEY F1,ECL (1),F,1
069069016 - CENTRALE LYON VOLLEY M 1,ECL (1),M,1
069069016 - Centrale Lyon volley M3,ECL (3),M,3
069069016 - Centrale lyon volley M2,ECL (2),M,2
069069018 - EML 1 F VB,EML (1),F,1
069069018 - EML 1 M VB,EML (1),M,1
069069018 - EML 2 F VB,EML (2),F,2
069069018 - EML 2 M VB,EML (2),M,2
069069019 - ENS VB F1,ENS (1),F,1
069069019 - ENS VB G1,ENS (1),M,1
069069019 - ENS VB G3,ENS (3),M,3
069069020 - ENTPE 2,ENTPE (2),F,2
069069020 - ENTPE FIlles,ENTPE (1),F,1
069069021 - Volley Féminin 2,ESME (2),F,2
069069021 - Volley masculin 1,ESME (1),M,1
069069021 - Volley masculin 2,ESME (2),M,2
069069022 - Equipe de volley masculine de l'ESSCA Lyon,ESSCA (1),M,1
069069022 - Equipe féminine de volley de l'ESSCA Lyon,ESSCA (1),F,1
069069025 - AS INSA LYON VOLLEY-BALL FEMININ 1,INSA (1),F,1
069069025 - AS INSA LYON VOLLEY-BALL FEMININ 2,INSA (2),F,2
069069025 - AS INSA LYON VOLLEY-BALL FEMININ 3,INSA (3),F,3
069069025 - AS INSA LYON VOLLEY-BALL MASCULIN 1,INSA (1),M,1
069069025 - AS INSA LYON VOLLEY-BALL MASCULIN 2,INSA (2),M,2
069069025 - AS INSA LYON VOLLEY-BALL MASCULIN 3,INSA (3),M,3
069069025 - AS INSA LYON VOLLEY-BALL MASCULIN 4,INSA (4),M,4
069069025 - AS INSA LYON VOLLEY-BALL MASCULIN 5,INSA (5),M,5
069069025 - AS INSA LYON VOLLEY-BALL MASCULIN 6,INSA (6),M,6
069069026 - ISOvolley,ISOSTEO (1),M,
069069028 - COB Volley Féminin 1,VETO (1),F,1
069069028 - COB Volley Masculin 1,VETO (1),M,1
069069029 - CESI (1),CESI (1),M,1
069069029 - CESI (2),CESI (2),M,2
069069031 - LYON 1 (1),LYON 1 (1),M,1
069069031 - LYON 1 (10),LYON 1 (10),M,10
069069031 - LYON 1 (11),LYON 1 (11),M,11
069069031 - LYON 1 (12),LYON 1 (12),M,12
069069031 - LYON 1 (13),LYON 1 (13),M,13
069069031 - LYON 1 (14),LYON 1 (14),M,14
069069031 - LYON 1 (15),LYON 1 (15),M,15
069069031 - LYON 1 (17),LYON 1 (17),M,17
069069031 - LYON 1 (2),LYON 1 (2),M,2
069069031 - LYON 1 (26),LYON 1 (26),M,26
069069031 - LYON 1 (27),LYON 1 (27),M,27
069069031 - LYON 1 (3),LYON 1 (3),M,3
069069031 - LYON 1 (4),LYON 1 (4),M,4
069069031 - LYON 1 (5),LYON 1 (5),M,5
069069031 - LYON 1 (6),LYON 1 (6),M,6
069069031 - LYON 1 (7),LYON 1 (7),M,7
069069031 - LYON 1 (8),LYON 1 (8),M,8
069069031 - LYON 1(12),LYON 1 (12),F,12
069069031 - LYON 1(6),LYON 1 (6),F,6
069069031 - LYON 1(7),LYON 1 (7),F,7
069069031 - LYON 1(8),LYON 1 (8),F,8
069069031 - Lyon 1 (10),LYON 1 (10),F,10
069069031 - Lyon 1 (16),LYON 1 (16),M,16
069069031 - Lyon 1 (19),LYON 1 (19),M,19
069069031 - Lyon 1 (20),LYON 1 (20),M,20
069069031 - Lyon 1 (21),LYON 1 (21),M,21
069069031 - Lyon 1 (22),LYON 1 (22),M,22
069069031 - Lyon 1 (23),LYON 1 (23),M,23
069069031 - Lyon 1 (24),LYON 1 (24),M,24
069069031 - Lyon 1 (25),LYON 1 (25),M,25
069069031 - Lyon 1 (9),LYON 1 (9),M,9
069069031 - Lyon 1 Santé (1),SANTE (1),M,1
069069031 - Lyon 1 Santé (2),SANTE (2),M,2
069069031 - Lyon 1 Santé (3),SANTE (3),M,3
069069031 - Lyon 1 Santé (4),SANTE (4),M,4
069069031 - Lyon 1 Santé (5),SANTE (5),M,5
069069031 - Lyon1Santé(1),SANTE (1),F,1
069069031 - Lyon1Santé(2),SANTE (2),F,2
069069031 - Lyon1Santé(3),SANTE (3),F,3
069069031 - Lyon1Santé(4),SANTE (4),F,4
069069031 - Lyon1Santé(5),SANTE (5),F,5
069069031 - Lyon1Santé(6),SANTE (6),F,6
